,songname,distance,neighbors
0,Anything for You,1.5978318971273107,630
1,Love Toy,2.0616055982255936,5058
2,The Sound of Silence - Electric Version,2.1543436840778756,8548
3,I Want You So Bad,2.9112431019977287,3903
4,Rhythm Is Gonna Get You,3.280647124809795,6778
5,Leaves That Are Green,3.469434288334716,4725
6,Surrender,4.03686684330717,7980
7,Blessed,4.140456247039837,1032
8,Give It Up,5.191546408452603,3118
9,Kathy's Song,5.448646986781879,4497
10,Somewhere They Can't Find Me,6.17576464572969,7546
11,Can't Stay Away from You,6.2461141406448695,1339
12,Let It Loose,7.043625786675303,4773
13,Anji,7.317891146909244,598
14,Betcha Say That,8.020194074336834,947
15,Richard Cory,8.039263203537246,6782
16,A Most Peculiar Man,9.081122757377301,268
17,RIP Trust,9.138912662669254,6626
18,Unpredictable (Wagner Love Remix),10.074247027013941,9065
19,April Come She Will,10.214106571081423,645
20,We've Got a Groovy Thing Goin',11.092607600365067,9371
21,Unpredictable (MaRadioStar Remix),11.161716218300457,9064
22,All Around (Ch&#226;teau Marmont Remix),12.035258384495318,429
23,I Am a Rock,12.036126321477475,3730
24,Dark Side Of The Moon (Radio Mix),13.06491491747972,1900
25,All Around (Yuksek Remix),13.08995673800512,430
26,Dark Side Of The Moon (12inch Mix),14.114947130704376,1897
27,Good Boy,14.116350483212855,3211
28,All Around Christmas,15.074770138267759,431
29,Dark Side Of The Moon (Piano Mix),15.115740741085908,1899
